observation_date,OKNA,ORNA,PANA,RINA,SCNA,SDNA,TNNA,TXNA,UTNA,VTNA,VANA,WANA
1990-01-01,1196.5,1246.3,5193.1,464.6,1517.8,283.4,2196.4,7024.4,712.4,261.5,2902.3,2122.6
1990-02-01,1199.9,1242.7,5191.5,464.4,1521.5,284.1,2199.2,7037.1,712.8,260.3,2908.3,2124.5
1990-03-01,1200.0,1248.9,5197.3,464.8,1522.8,285.6,2202.2,7057.7,715.6,260.1,2911.6,2131.1
1990-04-01,1204.4,1255.3,5180.7,459.6,1528.1,286.4,2202.5,7084.6,720.7,260.1,2907.0,2141.0
1990-05-01,1207.4,1258.3,5180.6,458.8,1532.4,287.7,2207.1,7122.7,721.8,260.7,2907.0,2144.8
1990-06-01,1211.6,1261.1,5178.1,457.6,1536.0,287.5,2207.9,7136.2,724.5,259.7,2902.1,2150.3
1990-07-01,1215.8,1261.9,5178.3,455.8,1529.6,290.1,2203.1,7149.1,726.0,258.6,2898.7,2155.3
1990-08-01,1216.8,1271.0,5174.1,454.3,1529.2,289.5,2207.5,7150.5,728.8,258.0,2897.5,2165.6
1990-09-01,1220.2,1261.8,5171.3,455.1,1535.2,289.8,2201.9,7183.8,732.7,255.3,2894.4,2161.5
1990-10-01,1213.7,1258.7,5153.2,452.6,1531.7,290.7,2194.3,7182.6,735.2,254.3,2877.0,2153.7
1990-11-01,1215.4,1261.1,5144.9,452.3,1527.0,291.6,2191.6,7188.9,736.8,252.7,2871.0,2159.1
1990-12-01,1216.6,1259.1,5137.2,450.3,1519.7,292.2,2186.9,7186.7,738.4,253.1,2868.0,2160.5
1991-01-01,1218.5,1253.9,5135.2,441.2,1511.3,292.1,2185.4,7171.6,740.0,251.2,2857.2,2165.9
1991-02-01,1221.4,1254.1,5116.7,437.3,1506.6,293.1,2183.1,7184.1,742.5,249.1,2838.4,2165.6
1991-03-01,1222.6,1252.3,5106.8,434.7,1504.6,293.4,2181.4,7197.7,744.2,248.5,2835.1,2169.9
1991-04-01,1227.5,1249.6,5094.4,429.6,1495.3,294.5,2175.6,7184.5,742.9,248.7,2829.0,2173.4
1991-05-01,1226.0,1249.5,5081.4,428.2,1496.5,295.2,2183.0,7198.7,744.5,248.6,2828.6,2179.8
1991-06-01,1227.9,1253.5,5082.0,426.5,1492.4,295.1,2182.3,7208.9,747.6,248.4,2830.2,2178.6
1991-07-01,1223.5,1253.8,5065.7,424.7,1489.7,297.3,2187.6,7197.1,749.6,249.7,2818.6,2186.8
1991-08-01,1223.2,1255.5,5070.3,423.7,1489.7,296.6,2195.7,7188.9,751.7,250.1,2822.8,2187.1
1991-09-01,1226.5,1257.3,5073.2,421.5,1491.6,296.7,2200.2,7235.3,752.6,249.1,2824.8,2191.5
1991-10-01,1227.3,1263.0,5072.9,421.4,1493.5,297.2,2203.8,7223.4,753.6,249.4,2825.1,2196.2
1991-11-01,1228.0,1258.8,5075.0,421.5,1500.6,298.3,2205.9,7229.3,755.0,249.5,2824.7,2196.7
1991-12-01,1229.2,1259.8,5070.7,419.6,1496.8,299.6,2203.1,7235.6,754.6,249.7,2827.4,2199.3
1992-01-01,1232.0,1264.0,5075.3,425.8,1500.6,302.9,2215.8,7230.2,758.7,248.6,2831.1,2211.1
1992-02-01,1228.4,1265.4,5069.7,426.4,1501.7,304.3,2218.8,7245.5,761.4,250.1,2833.3,2215.3
1992-03-01,1227.1,1265.6,5064.1,426.5,1503.0,304.2,2242.0,7255.5,763.1,250.1,2832.5,2218.6
1992-04-01,1231.0,1271.1,5071.1,427.9,1504.3,305.5,2229.4,7266.1,764.0,250.4,2834.4,2219.7
1992-05-01,1235.5,1276.1,5079.8,426.7,1507.6,306.8,2238.8,7283.5,768.5,250.2,2840.4,2224.9
1992-06-01,1231.1,1276.1,5081.0,426.8,1509.7,307.9,2242.8,7283.5,768.3,250.3,2837.9,2227.0
1992-07-01,1234.0,1283.0,5082.1,428.2,1511.7,308.1,2251.3,7311.6,771.3,251.4,2850.1,2224.6
1992-08-01,1235.4,1282.3,5080.6,426.5,1515.6,309.5,2255.7,7309.0,774.7,252.0,2852.9,2231.4
1992-09-01,1238.5,1282.7,5074.9,426.5,1516.4,309.1,2260.9,7315.2,775.6,253.1,2854.0,2234.1
1992-10-01,1242.9,1286.3,5083.4,428.5,1520.8,309.9,2278.9,7354.6,779.9,253.1,2865.8,2238.7
1992-11-01,1244.6,1290.2,5081.7,429.1,1523.3,311.0,2287.1,7367.5,783.2,254.0,2872.1,2238.9
1992-12-01,1244.7,1288.0,5078.9,428.8,1523.5,311.3,2293.0,7376.3,784.7,253.5,2874.1,2245.4
1993-01-01,1248.2,1292.6,5107.0,430.5,1530.2,311.2,2300.7,7407.2,790.2,255.3,2885.4,2236.5
1993-02-01,1252.2,1300.9,5121.2,430.5,1536.4,312.6,2309.4,7435.6,793.3,255.2,2899.0,2245.5
1993-03-01,1252.9,1305.8,5094.2,429.7,1536.4,313.2,2306.8,7447.4,797.7,254.8,2888.6,2248.6
1993-04-01,1253.7,1308.3,5109.0,430.3,1547.3,314.0,2318.3,7458.7,802.1,255.8,2898.7,2254.9
1993-05-01,1254.9,1310.4,5116.8,432.2,1549.1,315.6,2323.8,7474.2,805.5,256.3,2910.3,2259.8
1993-06-01,1259.9,1316.2,5113.1,432.4,1551.3,316.9,2330.2,7493.7,811.0,258.4,2914.8,2267.0
1993-07-01,1264.2,1318.0,5124.0,434.7,1555.4,318.1,2340.2,7543.3,814.9,257.3,2923.8,2277.9
1993-08-01,1265.5,1322.8,5130.5,435.7,1557.8,319.3,2343.7,7554.4,818.8,258.3,2928.5,2276.9
1993-09-01,1264.0,1329.2,5129.4,435.0,1563.6,319.5,2349.2,7570.9,821.4,259.0,2933.9,2284.3
1993-10-01,1268.7,1336.6,5145.9,435.0,1566.7,321.9,2362.9,7580.2,828.8,259.7,2946.2,2278.9
1993-11-01,1270.3,1340.5,5147.5,435.0,1569.0,323.4,2366.4,7587.9,830.4,260.4,2949.2,2281.8
1993-12-01,1273.6,1345.6,5156.7,436.2,1574.7,323.0,2375.3,7617.8,835.3,260.2,2955.8,2289.9
1994-01-01,1278.5,1348.8,5139.4,436.0,1574.8,325.1,2381.6,7639.2,840.0,260.1,2957.4,2292.0
1994-02-01,1276.8,1352.2,5139.1,435.0,1578.2,325.8,2390.6,7643.7,842.9,261.0,2956.9,2297.3
1994-03-01,1279.4,1356.1,5156.3,436.2,1583.1,327.5,2403.7,7673.5,847.5,263.1,2971.7,2294.0
1994-04-01,1284.4,1360.2,5169.8,436.3,1583.2,327.6,2407.2,7725.0,850.2,262.2,2984.3,2302.1
1994-05-01,1286.8,1365.7,5184.9,435.3,1585.7,328.0,2423.8,7734.6,856.4,263.6,2992.2,2306.2
1994-06-01,1291.2,1370.2,5202.8,436.8,1592.6,330.4,2427.8,7756.4,860.5,264.1,3000.4,2307.8
1994-07-01,1300.4,1377.1,5207.5,436.1,1594.7,332.1,2432.3,7829.4,865.8,264.2,3011.6,2313.5
1994-08-01,1300.4,1381.8,5213.6,439.6,1597.0,331.1,2438.5,7835.8,868.8,264.4,3021.6,2325.3
1994-09-01,1303.9,1386.6,5224.7,437.0,1604.3,332.6,2453.7,7851.7,873.4,265.1,3028.2,2334.0
1994-10-01,1301.3,1390.5,5227.0,437.5,1602.8,333.1,2453.8,7882.3,876.7,265.8,3031.5,2333.1
1994-11-01,1307.3,1399.4,5235.5,440.4,1606.4,334.0,2486.3,7916.9,881.0,267.0,3039.8,2343.3
1994-12-01,1310.8,1402.2,5241.2,438.9,1610.1,335.6,2475.8,7945.5,885.9,268.5,3047.6,2348.6
1995-01-01,1315.1,1405.0,5240.8,442.2,1618.4,338.4,2483.5,7955.4,887.3,268.3,3059.6,2348.9
1995-02-01,1318.3,1409.5,5242.4,441.7,1620.8,339.2,2489.3,7979.9,892.7,269.0,3057.8,2354.2
1995-03-01,1319.6,1414.4,5252.7,442.5,1624.0,341.0,2496.0,7998.2,897.5,270.1,3064.5,2361.2
1995-04-01,1323.2,1414.4,5250.5,441.6,1630.7,339.5,2489.1,8008.0,899.9,270.0,3064.9,2360.9
1995-05-01,1324.2,1418.6,5247.6,440.6,1633.8,339.3,2498.1,8023.2,901.8,269.2,3064.8,2360.5
1995-06-01,1326.8,1425.4,5259.6,440.6,1637.5,341.3,2502.5,8042.6,905.8,268.9,3071.4,2367.8
1995-07-01,1328.5,1429.1,5241.4,439.3,1639.4,341.2,2500.7,8070.9,909.9,270.3,3071.1,2354.1
1995-08-01,1332.9,1438.8,5262.1,444.6,1645.7,343.0,2515.4,8082.2,914.9,270.9,3073.6,2366.4
1995-09-01,1335.7,1447.8,5268.7,442.5,1650.7,343.4,2529.0,8111.0,921.9,271.6,3077.7,2374.9
1995-10-01,1340.8,1450.0,5270.3,442.6,1646.2,343.3,2527.7,8120.2,924.0,272.0,3080.9,2351.1
1995-11-01,1344.9,1452.9,5269.2,442.1,1648.7,345.1,2531.2,8139.8,926.7,272.1,3084.5,2356.3
1995-12-01,1348.6,1458.3,5271.3,441.6,1652.1,345.1,2538.2,8172.9,932.0,272.6,3093.2,2379.4
1996-01-01,1350.7,1467.3,5223.1,440.8,1649.5,346.0,2525.7,8170.0,937.0,273.7,3077.2,2390.2
1996-02-01,1351.6,1465.3,5275.3,442.1,1654.7,345.7,2531.3,8180.6,939.9,274.3,3100.9,2393.9
1996-03-01,1358.6,1470.1,5282.0,442.8,1657.3,345.1,2559.3,8198.5,942.0,273.9,3111.9,2404.9
1996-04-01,1359.7,1472.7,5299.4,440.9,1658.9,346.1,2524.4,8235.2,945.7,275.1,3116.8,2410.1
1996-05-01,1364.6,1477.2,5306.0,442.7,1664.4,345.6,2538.9,8257.5,949.9,275.7,3123.4,2417.2
1996-06-01,1367.6,1481.7,5306.8,443.4,1669.9,345.6,2535.3,8263.8,954.6,275.6,3131.5,2423.6
1996-07-01,1366.8,1487.1,5315.1,439.4,1670.4,345.8,2536.4,8310.5,957.5,274.0,3142.8,2432.1
1996-08-01,1375.1,1492.7,5324.9,443.8,1678.1,346.9,2542.7,8317.0,961.7,275.1,3150.7,2441.2
1996-09-01,1375.3,1498.8,5328.6,443.9,1678.1,347.3,2551.6,8333.2,963.9,276.1,3156.0,2449.2
1996-10-01,1377.2,1504.4,5343.4,445.7,1682.5,348.7,2553.8,8389.2,967.2,276.3,3171.2,2462.3
1996-11-01,1379.4,1514.4,5353.4,447.2,1684.9,349.4,2558.3,8418.9,972.2,276.4,3181.4,2470.8
1996-12-01,1383.0,1512.6,5361.9,448.4,1687.8,347.4,2559.3,8430.0,974.8,277.3,3184.4,2480.2
1997-01-01,1385.2,1519.4,5370.7,448.5,1694.9,347.4,2561.7,8461.2,976.5,276.6,3200.0,2484.3
1997-02-01,1390.3,1524.0,5378.6,448.9,1700.9,349.7,2572.0,8502.6,981.8,277.2,3208.0,2496.3
1997-03-01,1394.0,1527.5,5381.5,450.4,1704.6,350.3,2578.1,8535.3,986.2,276.9,3215.7,2504.1
1997-04-01,1392.0,1533.2,5384.0,450.8,1708.0,351.0,2588.5,8569.9,987.4,278.1,3216.5,2515.3
1997-05-01,1395.0,1539.1,5390.8,451.0,1711.4,353.4,2589.7,8601.7,991.9,278.5,3223.8,2527.6
1997-06-01,1403.6,1539.9,5392.3,452.0,1713.8,352.7,2595.0,8630.5,992.8,279.4,3227.9,2542.7
1997-07-01,1407.7,1541.8,5412.5,452.6,1718.8,354.1,2591.0,8667.7,997.4,280.4,3234.9,2543.6
1997-08-01,1408.9,1540.4,5408.3,453.8,1721.4,353.8,2595.3,8685.9,997.1,280.2,3235.2,2544.3
1997-09-01,1414.3,1544.1,5432.6,456.6,1728.0,354.7,2599.9,8733.6,1000.2,280.6,3245.7,2553.6
1997-10-01,1425.0,1548.6,5441.7,454.8,1736.5,354.1,2611.1,8746.0,1003.8,281.8,3257.8,2565.4
1997-11-01,1429.0,1550.3,5455.5,454.9,1740.7,355.2,2616.2,8782.8,1007.2,281.8,3264.3,2575.2
1997-12-01,1432.0,1556.0,5466.2,457.2,1745.7,355.5,2621.9,8801.7,1008.7,283.2,3273.9,2588.3
1998-01-01,1438.2,1554.9,5468.0,457.4,1757.6,356.2,2621.2,8840.0,1008.3,282.3,3268.5,2581.5
1998-02-01,1441.5,1559.7,5477.2,458.6,1759.1,357.5,2625.3,8868.0,1013.3,283.8,3279.2,2594.5
1998-03-01,1443.7,1560.5,5474.9,458.4,1765.4,357.0,2629.1,8885.5,1014.6,284.2,3281.1,2596.4
1998-04-01,1447.7,1561.7,5485.1,458.2,1761.4,357.4,2631.6,8908.8,1015.1,285.3,3291.3,2604.5
1998-05-01,1454.1,1565.7,5502.1,460.8,1771.2,358.7,2646.0,8941.8,1020.6,285.4,3309.8,2617.8
1998-06-01,1454.6,1566.4,5485.2,460.7,1776.4,358.9,2650.8,8953.2,1022.9,285.4,3315.5,2623.9
1998-07-01,1453.2,1559.2,5487.4,461.9,1787.5,360.5,2648.4,8970.3,1026.2,285.6,3324.2,2625.9
1998-08-01,1457.2,1565.0,5495.9,462.7,1789.4,360.7,2654.6,9002.2,1028.8,285.9,3335.5,2630.6
1998-09-01,1457.9,1567.4,5501.8,461.9,1794.1,361.5,2655.3,9045.4,1030.5,286.3,3352.8,2636.6
1998-10-01,1462.0,1565.6,5515.1,462.8,1792.9,361.5,2662.4,9057.2,1031.3,284.8,3348.8,2641.2
1998-11-01,1466.0,1570.3,5529.0,464.0,1797.4,363.4,2669.5,9084.3,1033.4,285.9,3360.0,2647.8
1998-12-01,1470.5,1571.2,5538.4,463.7,1803.2,363.8,2674.4,9114.3,1033.7,286.4,3370.3,2655.2
1999-01-01,1467.9,1573.8,5537.5,461.8,1806.1,365.0,2660.9,9100.6,1032.6,288.0,3370.0,2652.9
1999-02-01,1471.2,1574.9,5562.0,463.4,1812.7,365.4,2672.7,9122.4,1037.0,288.4,3386.6,2656.4
1999-03-01,1469.8,1579.8,5563.5,464.3,1814.1,365.7,2678.5,9141.1,1040.1,289.3,3385.8,2664.0
1999-04-01,1467.8,1581.3,5571.6,467.2,1819.5,367.7,2682.0,9133.2,1043.7,291.1,3395.5,2659.2
1999-05-01,1469.1,1578.9,5576.4,467.8,1821.4,368.6,2686.1,9144.4,1044.8,290.8,3398.5,2662.7
1999-06-01,1471.2,1580.8,5584.7,467.6,1824.7,368.9,2691.3,9167.8,1048.5,290.7,3410.8,2669.4
1999-07-01,1474.9,1589.2,5597.8,468.0,1826.9,370.4,2701.6,9172.1,1049.9,292.6,3409.5,2682.7
1999-08-01,1477.3,1589.1,5602.8,470.4,1829.1,371.2,2705.7,9198.9,1052.1,292.4,3419.0,2689.3
1999-09-01,1477.9,1592.2,5594.0,470.7,1829.7,371.1,2704.4,9232.4,1054.7,292.2,3427.1,2689.7
1999-10-01,1480.2,1598.4,5610.5,475.0,1840.1,373.3,2716.5,9258.3,1057.2,294.4,3444.8,2703.7
1999-11-01,1482.2,1603.5,5618.5,473.7,1844.7,374.8,2717.2,9279.7,1059.6,295.9,3452.7,2706.4
1999-12-01,1485.5,1606.0,5635.9,475.3,1853.4,375.1,2722.7,9314.8,1062.9,295.2,3461.5,2716.5
2000-01-01,1484.1,1605.5,5653.2,476.0,1853.7,377.4,2726.0,9341.1,1060.3,295.9,3473.6,2723.2
2000-02-01,1483.4,1608.0,5658.7,476.3,1853.3,377.7,2728.8,9362.4,1065.0,296.6,3481.5,2719.2
2000-03-01,1490.2,1610.2,5677.0,478.3,1860.7,379.9,2751.7,9395.3,1069.0,299.2,3496.1,2744.8
2000-04-01,1494.7,1614.1,5688.5,479.0,1859.6,379.4,2736.3,9404.1,1072.3,296.9,3501.0,2734.0
2000-05-01,1500.9,1620.4,5697.2,480.7,1867.8,377.9,2741.7,9448.5,1074.5,298.4,3512.0,2747.0
2000-06-01,1505.3,1621.9,5699.7,478.7,1873.6,377.2,2744.9,9464.0,1075.9,298.7,3516.0,2745.7
2000-07-01,1505.1,1620.9,5710.6,481.1,1847.9,376.5,2743.3,9468.5,1076.6,298.9,3520.9,2741.0
2000-08-01,1508.3,1621.2,5697.3,479.9,1848.3,376.5,2744.3,9498.3,1077.7,299.2,3525.5,2756.2
2000-09-01,1510.8,1625.2,5712.0,481.4,1844.8,377.2,2739.2,9520.7,1080.7,299.5,3538.6,2753.8
2000-10-01,1513.4,1625.4,5706.2,482.5,1851.9,377.4,2741.0,9526.6,1083.2,300.4,3549.4,2758.6
2000-11-01,1517.0,1632.7,5712.3,483.4,1851.8,376.9,2736.8,9541.2,1083.7,300.6,3557.1,2761.6
2000-12-01,1517.0,1632.6,5714.1,484.5,1850.6,377.2,2735.5,9568.1,1087.1,302.3,3559.5,2769.7
2001-01-01,1517.3,1631.1,5717.4,483.7,1838.0,379.5,2730.0,9571.2,1084.3,303.4,3533.6,2759.3
2001-02-01,1520.5,1628.6,5721.2,485.3,1834.5,380.0,2727.6,9580.3,1084.7,303.2,3534.5,2754.5
2001-03-01,1523.7,1624.0,5716.5,484.4,1830.0,379.6,2722.0,9585.8,1086.7,302.5,3537.9,2754.7
2001-04-01,1526.4,1618.1,5701.6,483.1,1825.1,378.8,2711.2,9579.4,1084.3,303.3,3529.3,2749.0
2001-05-01,1525.6,1614.7,5695.2,481.7,1820.0,379.4,2704.8,9575.0,1084.8,302.3,3529.1,2745.8
2001-06-01,1527.6,1613.3,5696.1,480.8,1813.9,378.6,2699.1,9575.9,1083.6,303.0,3528.7,2739.6
2001-07-01,1520.2,1604.5,5677.6,480.7,1816.3,378.5,2687.0,9546.5,1082.3,303.1,3530.0,2734.0
2001-08-01,1519.5,1599.7,5677.9,481.7,1814.4,377.9,2684.2,9552.1,1082.0,302.1,3525.9,2729.5
2001-09-01,1519.0,1596.4,5670.2,480.1,1809.3,377.4,2679.5,9537.2,1081.1,301.7,3516.6,2721.8
2001-10-01,1511.2,1591.9,5652.2,480.0,1797.8,377.0,2668.2,9495.4,1077.0,301.6,3501.9,2713.8
2001-11-01,1513.8,1586.2,5648.1,479.1,1798.0,377.1,2662.9,9476.8,1074.2,301.2,3497.3,2701.7
2001-12-01,1511.1,1584.1,5643.2,480.6,1792.8,376.5,2660.2,9458.5,1071.1,299.5,3494.9,2694.0
2002-01-01,1505.5,1584.7,5654.0,481.5,1787.7,376.0,2667.5,9455.3,1077.6,300.8,3495.3,2690.2
2002-02-01,1504.3,1584.8,5656.4,481.6,1787.4,375.8,2666.1,9447.4,1081.6,299.9,3498.3,2681.9
2002-03-01,1504.3,1583.9,5654.4,483.1,1788.7,375.6,2663.8,9452.6,1072.9,300.1,3498.4,2675.9
2002-04-01,1506.5,1586.1,5646.7,482.9,1798.1,376.2,2664.6,9450.9,1074.2,301.2,3501.0,2678.7
2002-05-01,1507.0,1586.9,5646.8,482.1,1798.6,377.2,2665.8,9461.1,1070.9,300.1,3502.4,2681.3
2002-06-01,1503.4,1587.9,5649.0,482.6,1800.8,377.7,2668.3,9451.0,1070.1,300.6,3500.1,2680.1
2002-07-01,1500.4,1591.7,5640.3,481.3,1795.9,377.8,2678.3,9437.9,1072.9,299.2,3498.7,2697.4
2002-08-01,1500.9,1591.7,5639.0,482.6,1801.0,377.9,2674.5,9446.5,1070.4,298.7,3499.8,2696.7
2002-09-01,1495.5,1590.8,5640.9,482.7,1797.7,378.2,2673.7,9454.3,1071.8,298.5,3498.8,2696.5
2002-10-01,1489.9,1589.6,5636.4,483.5,1801.1,378.5,2677.3,9436.2,1073.0,299.0,3498.8,2699.0
2002-11-01,1488.5,1587.4,5631.5,483.8,1799.5,377.9,2673.4,9438.8,1073.4,298.3,3498.1,2699.9
2002-12-01,1486.6,1584.3,5619.4,484.6,1798.2,378.1,2676.2,9428.9,1072.0,297.8,3496.9,2697.2
2003-01-01,1484.0,1588.1,5624.5,486.3,1800.5,377.9,2670.7,9426.4,1072.8,299.6,3494.4,2704.7
2003-02-01,1480.1,1583.3,5614.6,484.9,1803.9,377.3,2667.6,9415.7,1071.4,298.0,3490.5,2701.5
2003-03-01,1471.8,1578.4,5611.2,485.6,1802.5,377.2,2665.4,9398.0,1069.5,298.1,3488.0,2692.5
2003-04-01,1470.8,1571.5,5608.5,486.2,1798.9,377.6,2667.0,9398.6,1069.8,297.7,3487.1,2695.2
2003-05-01,1468.5,1569.3,5612.2,487.1,1797.0,377.2,2667.2,9392.3,1068.5,298.7,3493.0,2697.5
2003-06-01,1463.2,1568.5,5612.5,488.0,1795.2,377.4,2665.9,9380.5,1069.8,299.6,3491.5,2697.9
2003-07-01,1468.9,1568.8,5601.1,488.4,1797.3,378.0,2658.7,9375.4,1072.4,299.6,3498.2,2700.9
2003-08-01,1466.7,1571.6,5604.9,488.4,1799.2,378.7,2661.5,9386.1,1074.1,299.6,3502.9,2701.5
2003-09-01,1468.0,1573.7,5608.1,488.4,1799.1,377.6,2665.3,9399.7,1075.5,299.2,3507.9,2703.9
2003-10-01,1470.3,1579.3,5611.6,489.3,1799.2,378.9,2672.7,9404.2,1079.6,299.9,3520.1,2707.2
2003-11-01,1470.7,1580.0,5617.5,489.8,1799.6,379.5,2677.3,9415.2,1082.3,300.6,3529.8,2708.7
2003-12-01,1470.7,1585.0,5620.5,490.2,1803.0,379.2,2679.9,9420.6,1083.8,301.5,3529.9,2714.0
2004-01-01,1475.4,1577.0,5610.1,489.9,1804.4,379.9,2687.0,9450.8,1086.7,301.1,3539.3,2708.4
2004-02-01,1475.6,1583.8,5615.7,490.6,1804.6,380.2,2707.3,9460.1,1090.2,300.9,3555.4,2713.3
2004-03-01,1478.6,1591.5,5626.1,490.7,1812.4,380.2,2697.3,9470.6,1093.2,301.7,3561.9,2722.7
2004-04-01,1479.8,1598.6,5625.4,490.5,1818.6,382.6,2700.9,9492.6,1098.0,302.3,3570.0,2728.3
2004-05-01,1481.1,1602.3,5636.7,492.8,1823.7,383.2,2702.9,9499.7,1100.3,303.1,3577.7,2732.6
2004-06-01,1481.3,1608.2,5646.4,491.8,1827.3,383.4,2710.3,9509.3,1103.8,303.3,3581.4,2740.2
2004-07-01,1487.6,1613.6,5645.0,492.2,1829.7,382.9,2711.7,9531.9,1105.6,303.8,3596.9,2741.4
2004-08-01,1491.1,1618.1,5649.9,492.7,1835.6,384.1,2717.8,9552.8,1107.2,304.2,3600.4,2746.2
2004-09-01,1491.9,1621.4,5656.1,493.2,1839.2,385.5,2714.2,9546.1,1109.7,304.9,3603.1,2745.4
2004-10-01,1499.0,1626.4,5669.4,494.1,1842.7,385.5,2727.6,9593.0,1115.5,304.5,3617.3,2762.7
2004-11-01,1499.5,1628.2,5672.3,493.2,1846.3,385.5,2728.6,9600.2,1120.6,304.4,3623.4,2766.9
2004-12-01,1502.6,1631.9,5678.0,493.2,1848.7,385.0,2734.8,9614.4,1122.5,304.1,3631.6,2772.5
2005-01-01,1502.7,1636.5,5675.0,493.1,1853.1,385.7,2723.2,9642.0,1125.4,304.5,3632.8,2778.0
2005-02-01,1506.9,1639.5,5684.3,493.5,1853.9,386.5,2734.5,9653.4,1130.4,304.5,3640.2,2779.3
2005-03-01,1511.4,1645.1,5674.8,493.4,1849.0,387.9,2735.9,9670.8,1133.2,305.2,3639.1,2789.1
2005-04-01,1517.9,1646.9,5698.1,495.7,1855.2,388.9,2740.5,9713.5,1137.4,305.8,3652.3,2797.2
2005-05-01,1520.6,1648.5,5699.8,494.0,1859.2,388.5,2743.2,9724.6,1140.2,305.5,3656.3,2804.3
2005-06-01,1521.0,1652.0,5701.4,494.9,1849.7,388.8,2746.1,9733.2,1142.3,304.7,3659.0,2804.8
2005-07-01,1526.9,1660.0,5715.6,496.2,1869.5,390.2,2755.1,9796.0,1150.9,306.3,3675.5,2818.0
2005-08-01,1530.5,1662.1,5713.3,496.2,1876.7,390.7,2755.2,9813.1,1156.4,306.7,3682.1,2824.9
2005-09-01,1533.3,1666.9,5719.2,495.9,1874.5,392.0,2764.4,9839.8,1160.2,306.2,3695.0,2817.5
2005-10-01,1538.1,1668.2,5713.3,494.2,1877.0,391.0,2762.6,9854.1,1162.3,305.5,3688.1,2836.7
2005-11-01,1545.4,1677.0,5720.8,494.5,1882.5,392.5,2766.5,9901.7,1167.9,305.9,3695.2,2846.2
2005-12-01,1548.3,1682.4,5720.2,494.2,1875.5,393.3,2766.2,9921.4,1171.5,307.3,3700.4,2857.6
2006-01-01,1553.0,1685.8,5729.3,493.3,1894.4,394.6,2778.1,9961.3,1177.7,307.1,3715.1,2864.9
2006-02-01,1556.7,1692.2,5741.0,493.6,1900.8,395.5,2776.3,9981.9,1183.6,307.6,3720.3,2870.9
2006-03-01,1560.9,1695.1,5748.3,495.1,1902.2,396.4,2782.9,10017.3,1188.9,307.8,3727.7,2876.1
2006-04-01,1556.5,1700.1,5756.4,498.3,1909.9,396.4,2787.0,10032.0,1193.1,307.5,3725.6,2880.0
2006-05-01,1562.2,1704.2,5754.7,495.9,1907.7,397.1,2788.3,10057.3,1197.4,307.2,3730.2,2886.6
2006-06-01,1566.3,1707.0,5755.1,496.7,1888.9,397.7,2796.0,10086.9,1204.2,307.9,3737.3,2898.1
2006-07-01,1566.4,1709.0,5754.8,495.2,1897.6,398.3,2794.3,10093.0,1207.2,307.6,3736.4,2893.5
2006-08-01,1572.1,1710.8,5759.1,496.2,1901.4,399.7,2797.8,10138.4,1212.1,308.0,3739.5,2904.6
2006-09-01,1573.4,1714.2,5764.6,498.2,1908.4,399.6,2797.7,10172.2,1214.3,308.6,3736.7,2911.3
2006-10-01,1571.6,1716.8,5769.2,498.0,1924.2,399.8,2788.5,10183.3,1215.0,308.6,3738.7,2912.7
2006-11-01,1572.2,1721.0,5772.3,498.2,1923.8,400.9,2789.6,10211.4,1223.1,309.4,3743.1,2917.2
2006-12-01,1578.0,1724.4,5782.6,499.0,1934.1,402.3,2794.6,10246.7,1228.0,308.2,3750.3,2925.0
2007-01-01,1578.3,1725.9,5787.4,499.2,1941.8,402.8,2795.3,10265.9,1234.2,308.2,3763.4,2931.6
2007-02-01,1582.8,1730.7,5774.9,498.2,1940.9,403.3,2795.6,10303.6,1239.0,308.1,3762.4,2946.7
2007-03-01,1592.1,1735.1,5791.0,497.6,1945.5,404.7,2802.2,10345.4,1244.8,308.7,3769.2,2951.1
2007-04-01,1586.6,1730.6,5789.6,496.9,1943.3,405.3,2794.5,10371.3,1247.1,307.9,3768.3,2957.5
2007-05-01,1589.2,1733.2,5797.2,497.7,1943.6,406.2,2796.3,10396.0,1251.6,308.6,3770.5,2963.6
2007-06-01,1594.6,1733.7,5810.2,497.5,1952.5,406.0,2805.2,10433.4,1255.5,309.8,3774.6,2971.7
2007-07-01,1595.1,1732.9,5809.8,496.7,1946.4,407.2,2807.9,10453.8,1256.6,309.2,3774.0,2973.2
2007-08-01,1600.2,1735.7,5804.0,495.5,1946.3,407.3,2811.2,10469.0,1258.8,308.3,3772.2,2977.7
2007-09-01,1601.8,1734.7,5800.2,493.4,1950.4,406.9,2810.4,10490.0,1258.1,308.2,3774.5,2979.8
2007-10-01,1605.5,1738.7,5807.1,493.0,1949.0,407.4,2808.7,10518.7,1261.5,307.7,3772.8,2984.3
2007-11-01,1608.5,1739.8,5811.3,491.9,1949.0,407.9,2810.5,10541.8,1264.2,308.3,3777.0,2995.4
2007-12-01,1605.0,1741.2,5811.7,491.3,1950.6,407.9,2812.4,10564.4,1265.4,308.7,3779.5,2998.6
2008-01-01,1615.5,1738.9,5819.6,491.7,1955.9,410.7,2812.6,10598.0,1259.7,309.0,3787.4,3004.5
2008-02-01,1621.1,1739.4,5816.4,490.7,1954.7,411.6,2814.0,10629.4,1260.3,309.3,3792.7,3009.2
2008-03-01,1620.4,1738.4,5810.4,489.8,1950.8,411.6,2809.0,10620.0,1259.4,308.7,3783.1,3008.9
2008-04-01,1620.0,1736.8,5822.6,488.7,1943.9,410.7,2803.4,10645.9,1259.5,309.3,3788.2,3007.1
2008-05-01,1619.1,1732.2,5821.8,487.8,1944.2,411.2,2801.8,10653.2,1256.9,309.2,3783.3,3005.8
2008-06-01,1616.1,1728.5,5815.5,486.8,1936.9,410.7,2793.4,10659.9,1256.2,307.7,3779.2,3005.4
2008-07-01,1619.6,1726.7,5810.1,483.7,1923.7,410.6,2785.6,10676.2,1255.1,307.3,3780.6,3007.7
2008-08-01,1620.6,1721.2,5805.6,483.3,1919.5,411.9,2780.5,10677.5,1255.6,306.6,3777.5,3009.2
2008-09-01,1621.2,1718.2,5801.9,482.5,1918.6,411.4,2769.0,10646.9,1252.4,306.7,3769.3,2999.4
2008-10-01,1618.5,1706.0,5779.8,479.9,1907.5,411.3,2753.1,10653.4,1244.3,305.9,3759.6,2965.2
2008-11-01,1616.0,1691.6,5756.9,477.4,1896.9,410.3,2736.6,10644.8,1237.8,305.5,3745.3,2971.4
2008-12-01,1613.3,1674.8,5740.6,475.6,1883.9,410.0,2720.9,10616.9,1230.9,303.6,3731.2,2951.0
2009-01-01,1603.3,1659.2,5706.5,471.8,1861.2,408.6,2694.0,10561.9,1218.4,301.5,3704.6,2938.7
2009-02-01,1596.5,1644.8,5689.4,469.9,1847.6,407.4,2674.8,10498.8,1210.6,300.8,3690.3,2918.2
2009-03-01,1587.6,1629.1,5654.2,466.9,1834.3,405.5,2653.9,10439.3,1202.4,299.2,3672.3,2896.9
2009-04-01,1575.1,1619.1,5623.6,464.0,1824.1,401.5,2633.1,10375.6,1191.8,297.3,3653.7,2873.9
2009-05-01,1570.0,1615.8,5617.8,464.3,1819.2,404.3,2626.7,10352.5,1189.4,298.3,3656.4,2871.3
2009-06-01,1566.1,1610.6,5603.8,463.2,1810.7,402.8,2611.3,10321.7,1185.7,296.6,3653.5,2860.7
2009-07-01,1562.5,1610.4,5589.9,459.7,1807.6,403.4,2607.5,10290.7,1179.9,295.3,3640.0,2847.1
2009-08-01,1557.6,1603.8,5583.0,459.7,1803.8,401.8,2603.7,10265.3,1179.0,296.8,3639.0,2842.0
2009-09-01,1552.5,1602.6,5580.3,460.2,1797.5,402.2,2600.1,10255.0,1179.3,295.2,3627.4,2838.3
2009-10-01,1546.7,1598.2,5580.9,460.2,1796.7,400.9,2601.4,10248.4,1176.5,295.7,3628.1,2835.1
2009-11-01,1546.8,1596.4,5584.0,459.9,1795.2,401.4,2605.0,10248.6,1175.8,296.0,3628.5,2828.5
2009-12-01,1543.9,1595.4,5580.1,460.2,1791.0,400.2,2597.7,10247.2,1174.3,295.5,3624.0,2825.2
2010-01-01,1543.1,1594.7,5577.8,460.9,1794.1,398.7,2604.2,10274.9,1174.7,296.1,3618.0,2825.2
2010-02-01,1542.6,1594.0,5567.2,460.4,1795.9,398.9,2601.1,10277.6,1173.2,295.6,3599.0,2821.1
2010-03-01,1547.1,1596.2,5587.9,461.1,1797.4,399.8,2604.7,10311.1,1175.8,296.5,3618.0,2825.9
2010-04-01,1551.5,1601.0,5607.5,460.9,1809.2,401.5,2616.5,10333.1,1179.0,299.0,3639.9,2831.6
2010-05-01,1559.4,1607.5,5631.1,462.5,1821.7,401.8,2633.1,10392.3,1182.7,298.1,3660.2,2841.2
2010-06-01,1562.3,1610.5,5633.8,461.5,1816.3,402.9,2627.1,10391.8,1182.8,297.6,3656.6,2838.8
2010-07-01,1560.3,1604.2,5628.2,462.8,1820.8,403.2,2626.5,10379.4,1184.2,299.6,3663.2,2834.4
2010-08-01,1557.7,1608.8,5638.6,464.1,1820.9,403.7,2625.9,10393.1,1184.2,298.5,3658.0,2833.3
2010-09-01,1554.3,1605.4,5630.8,463.1,1816.6,403.2,2625.7,10395.8,1184.2,298.8,3652.8,2832.2
2010-10-01,1562.9,1613.6,5648.1,462.3,1820.8,404.6,2635.1,10446.7,1187.9,301.0,3662.9,2846.8
2010-11-01,1563.0,1613.5,5653.3,463.4,1818.6,405.2,2631.9,10450.1,1189.5,299.3,3665.6,2847.1
2010-12-01,1565.7,1611.9,5658.4,462.9,1824.0,404.4,2632.6,10469.9,1191.5,298.5,3665.1,2849.2
2011-01-01,1564.0,1618.3,5664.7,462.7,1817.1,403.7,2639.6,10488.8,1193.0,299.3,3678.2,2856.0
2011-02-01,1556.3,1618.9,5668.1,462.8,1824.9,404.3,2647.4,10492.2,1195.4,299.2,3682.6,2856.6
2011-03-01,1568.3,1620.5,5674.8,463.5,1827.9,404.5,2651.8,10534.1,1197.7,299.8,3685.8,2856.6
2011-04-01,1575.5,1621.4,5683.4,465.0,1834.7,405.2,2660.2,10571.4,1202.0,299.4,3687.8,2866.6
2011-05-01,1575.3,1619.9,5684.6,464.7,1834.8,405.9,2664.6,10580.7,1201.9,300.7,3684.0,2867.5
2011-06-01,1576.6,1621.3,5694.8,464.8,1835.2,407.7,2662.4,10602.9,1204.2,300.2,3684.7,2866.8
2011-07-01,1582.0,1624.3,5686.1,465.7,1839.0,406.9,2675.1,10635.5,1210.9,300.3,3692.0,2877.5
2011-08-01,1577.7,1625.1,5685.4,464.4,1839.7,407.2,2679.1,10651.1,1213.1,301.8,3689.9,2880.7
2011-09-01,1591.3,1627.8,5693.8,465.0,1840.3,408.5,2681.6,10672.9,1216.3,302.0,3712.5,2881.5
2011-10-01,1588.5,1627.0,5695.0,465.4,1839.8,409.4,2686.6,10667.1,1216.9,302.1,3707.9,2880.8
2011-11-01,1588.8,1629.4,5703.2,465.9,1840.2,409.5,2690.3,10684.8,1218.6,302.1,3712.0,2886.5
2011-12-01,1591.6,1631.1,5706.2,465.9,1844.3,411.0,2693.1,10706.8,1223.4,303.2,3711.5,2886.2
2012-01-01,1597.3,1634.2,5710.9,467.3,1853.6,411.1,2700.9,10751.7,1228.2,303.3,3725.0,2888.2
2012-02-01,1602.7,1636.1,5726.2,469.2,1856.1,411.2,2708.4,10781.9,1231.8,304.0,3729.5,2892.2
2012-03-01,1606.1,1637.3,5743.8,469.8,1860.7,412.7,2718.7,10821.0,1236.0,305.1,3736.7,2900.9
2012-04-01,1611.0,1637.8,5729.9,468.8,1860.7,414.7,2717.7,10846.3,1244.2,303.5,3728.1,2907.2
2012-05-01,1613.0,1640.5,5729.6,469.4,1860.9,413.7,2720.7,10879.2,1250.2,305.1,3724.8,2913.5
2012-06-01,1615.2,1641.2,5725.2,469.4,1865.7,414.4,2724.4,10909.0,1252.2,304.4,3727.6,2918.8
2012-07-01,1612.2,1644.6,5718.5,467.8,1865.0,413.5,2722.4,10923.5,1250.7,304.9,3719.1,2920.5
2012-08-01,1614.4,1648.2,5719.2,470.2,1869.0,413.7,2725.0,10960.3,1254.6,305.3,3732.3,2925.1
2012-09-01,1616.8,1648.7,5729.5,471.7,1871.0,414.7,2730.6,10987.6,1258.8,305.5,3745.1,2929.1
2012-10-01,1624.9,1653.0,5728.8,470.2,1874.2,414.7,2735.1,11018.0,1261.4,304.3,3756.5,2942.1
2012-11-01,1626.2,1653.3,5729.3,470.2,1880.5,415.4,2737.2,11048.6,1267.8,305.1,3758.1,2945.7
2012-12-01,1629.6,1655.4,5729.9,472.2,1882.3,415.6,2742.7,11074.2,1268.3,305.7,3760.9,2947.7
2013-01-01,1623.2,1659.1,5730.5,473.5,1884.7,415.9,2743.2,11077.2,1274.1,305.9,3764.9,2954.1
2013-02-01,1626.8,1663.3,5741.0,472.3,1886.5,416.5,2751.7,11137.0,1277.4,306.0,3771.0,2962.3
2013-03-01,1629.5,1665.7,5745.0,474.5,1887.5,416.5,2752.4,11167.6,1279.9,306.9,3770.6,2963.6
2013-04-01,1630.5,1670.8,5733.6,473.4,1891.7,414.2,2759.7,11182.6,1284.6,307.5,3761.8,2969.2
2013-05-01,1634.0,1673.7,5738.0,474.1,1895.0,417.2,2763.5,11198.1,1286.6,306.1,3756.3,2976.1
2013-06-01,1635.3,1676.2,5734.2,476.4,1900.5,416.9,2766.5,11230.8,1287.0,306.7,3757.4,2978.8
2013-07-01,1636.8,1678.6,5739.5,475.9,1904.6,417.1,2765.1,11260.7,1292.8,305.3,3757.9,2980.2
2013-08-01,1639.3,1683.4,5742.2,477.0,1908.9,417.5,2770.8,11281.2,1294.1,306.8,3761.1,2990.2
2013-09-01,1642.3,1691.3,5746.6,477.4,1914.1,418.3,2775.5,11314.1,1295.0,306.3,3764.8,2996.3
2013-10-01,1641.6,1692.9,5745.9,478.5,1919.3,419.1,2785.4,11333.6,1300.1,307.4,3760.7,3007.0
2013-11-01,1644.1,1697.3,5748.5,478.8,1921.4,420.3,2794.1,11366.2,1304.7,308.2,3768.2,3011.1
2013-12-01,1639.6,1701.1,5748.1,477.3,1926.9,420.0,2799.4,11374.3,1307.9,308.3,3763.7,3017.6
2014-01-01,1644.1,1706.5,5753.4,478.2,1928.9,421.9,2798.3,11403.0,1308.8,308.5,3764.3,3030.7
2014-02-01,1645.1,1704.6,5747.0,480.0,1925.9,421.8,2800.1,11430.6,1311.9,308.5,3760.1,3028.7
2014-03-01,1647.0,1711.8,5760.1,479.6,1938.9,421.4,2810.2,11470.9,1313.8,309.3,3765.2,3035.6
2014-04-01,1650.4,1716.8,5776.7,481.7,1945.8,422.5,2817.1,11518.6,1318.4,308.2,3781.4,3035.6
2014-05-01,1651.2,1719.9,5785.9,483.2,1949.9,422.9,2821.7,11553.8,1321.0,309.5,3789.3,3036.9
2014-06-01,1654.2,1725.8,5791.0,482.7,1951.4,423.2,2823.0,11584.7,1324.4,310.2,3790.4,3046.4
2014-07-01,1657.4,1727.7,5789.5,483.4,1950.6,424.6,2828.8,11612.2,1325.9,309.6,3786.4,3059.6
2014-08-01,1659.8,1731.1,5798.0,483.8,1956.2,424.9,2838.6,11637.1,1331.9,310.8,3788.8,3068.5
2014-09-01,1660.8,1738.0,5804.1,485.1,1964.1,425.4,2844.6,11670.8,1336.0,310.1,3793.4,3076.8
2014-10-01,1664.1,1742.5,5808.9,484.6,1970.9,425.6,2847.7,11714.9,1340.0,310.0,3792.2,3078.0
2014-11-01,1668.0,1748.9,5817.5,485.8,1978.2,424.9,2860.6,11754.9,1344.9,311.1,3796.7,3086.8
2014-12-01,1672.7,1756.8,5825.9,486.7,1983.7,425.9,2867.8,11790.6,1347.9,310.4,3801.4,3100.8
2015-01-01,1674.8,1759.5,5812.2,487.6,1982.6,426.1,2866.8,11804.0,1355.4,312.4,3813.1,3104.0
2015-02-01,1674.3,1766.1,5812.5,484.4,1987.7,426.8,2865.7,11810.8,1360.2,311.8,3816.7,3109.9
2015-03-01,1668.3,1769.0,5805.0,485.6,1990.1,427.3,2864.9,11804.5,1364.5,312.1,3809.9,3120.4
2015-04-01,1666.5,1777.3,5818.3,488.0,1991.2,427.4,2879.8,11808.3,1364.5,312.0,3833.3,3122.5
2015-05-01,1667.1,1783.8,5834.1,490.7,2000.8,428.0,2893.6,11840.1,1370.7,313.3,3848.6,3132.1
2015-06-01,1667.0,1789.4,5840.2,489.5,2006.5,428.1,2898.9,11863.1,1375.7,312.8,3854.9,3146.0
2015-07-01,1668.6,1789.1,5836.3,490.3,2011.9,428.6,2904.6,11882.6,1379.8,311.6,3871.1,3148.2
2015-08-01,1666.8,1796.0,5845.3,489.5,2017.8,428.3,2910.2,11901.4,1383.9,311.9,3879.3,3156.8
2015-09-01,1664.9,1798.6,5845.4,491.2,2021.6,428.6,2918.7,11908.0,1387.8,312.2,3888.0,3164.4
2015-10-01,1665.7,1807.2,5847.8,491.9,2029.7,429.4,2930.1,11917.6,1393.6,313.0,3898.5,3168.0
2015-11-01,1665.1,1810.8,5855.2,492.9,2031.7,430.0,2935.5,11923.7,1396.6,312.9,3903.2,3174.5
2015-12-01,1663.1,1817.2,5861.0,493.6,2038.7,430.6,2943.2,11940.9,1399.5,312.3,3909.1,3183.4
2016-01-01,1661.9,1819.8,5854.8,492.4,2034.6,429.9,2943.7,11958.7,1402.4,312.4,3892.9,3193.4
2016-02-01,1662.1,1828.2,5859.8,493.5,2040.5,430.1,2946.6,11966.5,1407.9,312.5,3898.9,3205.9
2016-03-01,1657.7,1832.4,5872.5,494.9,2044.5,430.7,2957.6,11958.5,1412.5,312.5,3911.6,3213.2
2016-04-01,1655.3,1835.7,5875.8,493.6,2049.9,431.6,2961.8,11978.6,1417.4,312.1,3913.8,3224.5
2016-05-01,1651.1,1837.8,5871.2,493.4,2053.3,431.5,2963.1,11990.3,1419.9,313.5,3910.1,3233.3
2016-06-01,1647.3,1840.2,5867.5,493.6,2053.8,431.8,2966.6,11977.7,1424.2,312.8,3910.9,3235.5
2016-07-01,1651.4,1844.8,5890.7,494.7,2063.7,433.9,2977.6,12028.9,1433.6,314.6,3918.6,3247.7
2016-08-01,1652.2,1848.6,5888.8,494.3,2066.0,432.9,2983.5,12040.1,1433.9,313.3,3925.2,3254.3
2016-09-01,1651.2,1854.4,5902.9,494.6,2072.3,433.4,2991.9,12065.6,1438.7,314.5,3931.0,3265.0
2016-10-01,1648.9,1858.3,5901.3,495.3,2065.2,433.0,2992.4,12062.1,1438.7,313.9,3933.1,3264.9
2016-11-01,1649.2,1864.6,5901.4,494.8,2074.4,433.3,2993.4,12075.3,1439.9,313.7,3938.0,3274.6
2016-12-01,1648.0,1863.3,5903.6,495.4,2079.4,433.0,3000.4,12091.3,1442.1,313.8,3937.6,3278.9
2017-01-01,1648.1,1854.1,5914.6,496.2,2081.5,432.8,2998.2,12129.4,1447.9,314.9,3940.2,3279.8
2017-02-01,1650.4,1869.9,5920.5,496.1,2086.2,432.8,3007.9,12141.9,1450.7,313.1,3950.9,3290.0
2017-03-01,1654.3,1875.9,5915.5,496.2,2092.8,433.1,3007.1,12183.7,1456.4,314.3,3953.0,3299.2
2017-04-01,1658.1,1880.9,5927.0,497.5,2089.2,435.1,3012.2,12192.1,1458.3,315.0,3955.1,3306.8
2017-05-01,1658.5,1884.2,5934.5,498.0,2094.0,433.8,3012.1,12215.4,1461.0,314.9,3958.5,3313.5
2017-06-01,1666.8,1891.2,5936.4,498.7,2099.2,433.9,3018.2,12241.3,1466.4,316.7,3965.0,3323.6
2017-07-01,1667.5,1892.8,5943.0,498.4,2103.5,433.1,3023.3,12229.2,1469.4,314.9,3967.1,3327.2
2017-08-01,1668.3,1894.7,5947.2,499.6,2101.2,434.1,3026.4,12245.7,1472.4,315.5,3968.7,3327.2
2017-09-01,1670.2,1897.1,5961.3,498.6,2100.7,434.4,3032.8,12253.0,1476.8,315.3,3974.7,3333.7
2017-10-01,1668.5,1896.5,5960.6,498.2,2111.1,435.2,3035.2,12292.7,1481.1,315.1,3976.2,3340.6
2017-11-01,1669.3,1899.1,5966.6,499.2,2114.4,434.5,3037.9,12311.9,1485.6,315.7,3974.0,3346.3
2017-12-01,1672.4,1903.2,5975.9,499.7,2117.2,435.3,3042.4,12340.5,1490.7,316.5,3987.2,3357.5
2018-01-01,1679.1,1908.5,5975.5,498.0,2138.8,435.9,3041.6,12355.5,1494.7,314.0,3996.1,3372.2
2018-02-01,1679.9,1912.7,5987.7,500.0,2144.8,436.5,3050.1,12393.2,1501.4,315.7,4001.0,3382.2
2018-03-01,1685.6,1916.8,5989.2,499.7,2147.7,436.8,3056.2,12437.8,1503.6,315.8,4006.7,3388.6
2018-04-01,1680.2,1915.8,5997.1,499.8,2155.0,435.2,3058.9,12448.8,1503.9,315.1,4010.1,3385.9
2018-05-01,1686.3,1920.3,6002.5,501.3,2158.2,437.8,3065.8,12486.8,1507.8,315.3,4016.6,3394.1
2018-06-01,1691.6,1923.8,6011.9,501.5,2163.7,437.6,3067.0,12525.1,1514.6,315.7,4023.9,3399.8
2018-07-01,1691.6,1919.8,6011.9,501.5,2159.9,437.8,3073.3,12546.0,1516.9,317.5,4026.4,3398.6
2018-08-01,1694.9,1923.4,6017.2,502.2,2162.2,438.6,3081.5,12579.2,1521.5,317.1,4025.3,3404.3
2018-09-01,1694.1,1930.7,6028.6,502.6,2156.4,439.0,3086.7,12591.8,1527.2,316.2,4022.0,3411.2
2018-10-01,1696.3,1932.3,6035.7,502.3,2166.7,438.9,3089.5,12612.8,1528.8,316.5,4027.7,3421.3
2018-11-01,1697.3,1935.7,6035.7,502.1,2170.9,438.8,3095.4,12631.6,1532.9,316.8,4033.8,3425.6
2018-12-01,1698.2,1938.0,6036.0,502.7,2169.1,439.4,3095.0,12657.5,1536.0,316.8,4034.3,3427.2
2019-01-01,1701.2,1944.3,6044.8,505.1,2173.8,440.2,3107.3,12681.0,1539.8,316.3,4041.1,3442.4
2019-02-01,1704.4,1938.6,6042.7,504.3,2175.1,439.2,3110.2,12714.6,1541.7,316.8,4045.2,3422.9
2019-03-01,1705.4,1942.0,6051.4,503.5,2180.2,438.7,3114.9,12726.4,1545.8,318.8,4052.3,3444.5
2019-04-01,1706.8,1948.0,6058.2,503.9,2189.2,438.7,3119.0,12753.9,1550.5,316.6,4056.1,3457.0
2019-05-01,1705.1,1950.1,6061.0,503.9,2193.1,439.8,3122.4,12784.9,1555.2,316.3,4059.4,3464.9
2019-06-01,1702.8,1952.0,6059.6,503.3,2195.6,440.1,3117.3,12810.2,1553.8,317.2,4069.4,3469.7
2019-07-01,1707.1,1956.0,6067.0,504.8,2197.4,440.6,3127.3,12833.9,1558.6,315.5,4067.2,3475.8
2019-08-01,1706.1,1960.1,6082.1,505.3,2200.9,441.0,3135.6,12861.8,1562.7,315.6,4069.8,3478.2
2019-09-01,1707.5,1961.6,6079.0,504.9,2203.7,440.8,3139.5,12877.4,1566.9,315.8,4070.8,3480.1
2019-10-01,1705.9,1964.7,6079.1,505.0,2199.9,441.9,3129.0,12880.1,1569.2,315.5,4082.8,3485.2
2019-11-01,1707.4,1967.6,6084.1,505.7,2200.8,442.5,3143.1,12915.5,1572.6,315.9,4086.8,3490.6
2019-12-01,1705.7,1969.1,6084.3,505.8,2200.7,441.8,3145.5,12919.7,1572.3,316.0,4085.7,3502.5
2020-01-01,1704.2,1969.6,6087.9,507.0,2200.6,441.9,3151.3,12940.9,1572.3,316.5,4098.3,3507.1
2020-02-01,1702.8,1969.2,6083.8,508.7,2195.1,443.2,3153.8,12958.1,1572.9,315.6,4095.5,3512.9
2020-03-01,1693.1,1954.0,6036.7,502.5,2186.2,440.1,3138.5,12905.4,1568.3,312.6,4079.1,3491.3
2020-04-01,1533.8,1687.0,4961.0,399.5,1894.3,398.6,2779.0,11512.4,1428.8,248.9,3618.0,3096.9
2020-05-01,1566.3,1706.8,5163.2,414.5,1961.4,404.6,2839.0,11754.1,1474.5,262.7,3639.2,3086.6
2020-06-01,1601.8,1764.3,5373.3,437.0,2032.5,413.8,2922.4,11988.4,1501.7,273.3,3713.9,3166.5
2020-07-01,1607.9,1794.0,5496.3,448.3,2038.7,419.3,2951.2,11991.8,1521.3,277.7,3774.1,3210.2
2020-08-01,1614.6,1812.0,5552.1,458.7,2075.3,425.3,2983.7,12102.0,1536.1,283.4,3838.4,3242.7
2020-09-01,1619.0,1822.2,5604.7,463.6,2088.7,428.9,3002.2,12175.2,1545.1,289.0,3869.1,3261.3
2020-10-01,1625.6,1832.4,5639.0,469.6,2104.0,433.4,3036.2,12263.9,1562.0,290.1,3886.7,3269.5
2020-11-01,1627.8,1838.4,5647.6,470.3,2116.5,432.2,3056.2,12310.5,1567.5,289.0,3892.3,3277.6
2020-12-01,1630.8,1817.0,5606.1,464.0,2125.4,432.4,3073.8,12360.5,1572.9,285.4,3902.2,3258.7
2021-01-01,1632.2,1817.0,5638.7,469.0,2125.9,434.2,3060.1,12404.0,1581.3,286.8,3913.7,3261.7
2021-02-01,1620.8,1828.7,5654.7,471.1,2129.7,433.8,3061.2,12362.9,1587.6,287.7,3908.9,3284.4
2021-03-01,1639.1,1852.9,5696.5,474.5,2135.3,435.8,3074.7,12490.4,1591.7,288.6,3921.5,3308.6
2021-04-01,1637.9,1861.4,5703.9,476.3,2136.6,438.3,3063.7,12540.5,1599.1,293.4,3924.4,3329.4
2021-05-01,1641.8,1862.7,5722.4,478.7,2142.7,439.3,3078.3,12597.7,1603.6,294.7,3935.4,3342.2
2021-06-01,1648.8,1867.6,5744.1,479.9,2144.3,440.2,3094.2,12667.1,1611.6,294.9,3942.2,3351.9
2021-07-01,1654.5,1897.1,5777.9,482.1,2162.7,442.9,3122.1,12783.3,1623.4,297.9,3979.6,3381.0
2021-08-01,1654.7,1894.9,5791.2,481.2,2164.9,442.5,3128.7,12809.6,1624.3,297.3,3990.6,3396.8
2021-09-01,1655.4,1894.3,5791.0,483.4,2166.5,442.5,3124.8,12867.1,1620.9,296.9,3983.4,3411.9
2021-10-01,1668.7,1905.4,5845.5,487.3,2187.1,444.0,3150.9,13010.8,1633.7,299.2,4010.4,3446.9
2021-11-01,1670.8,1913.1,5869.8,488.7,2193.1,445.2,3155.4,13064.6,1637.8,299.5,4018.4,3456.0
2021-12-01,1676.5,1916.4,5890.3,489.7,2200.1,446.4,3169.1,13137.1,1642.8,299.9,4032.7,3463.2
2022-01-01,1677.7,1918.6,5893.2,489.3,2204.1,447.7,3184.6,13136.1,1651.0,300.5,4016.6,3460.0
2022-02-01,1684.0,1929.2,5930.5,492.5,2224.0,449.3,3208.8,13231.0,1662.1,301.2,4045.2,3492.1
2022-03-01,1685.1,1935.2,5947.4,493.6,2220.9,450.1,3215.2,13269.1,1665.5,302.3,4046.4,3500.8
2022-04-01,1693.1,1939.4,5967.7,497.5,2235.1,450.9,3226.9,13360.0,1673.9,304.4,4073.1,3504.5
2022-05-01,1697.3,1938.5,5976.9,497.5,2240.2,450.6,3236.7,13397.5,1677.0,303.7,4075.2,3509.9
2022-06-01,1693.9,1938.0,5975.1,498.3,2240.4,451.6,3240.5,13425.3,1678.4,303.7,4075.0,3508.0
2022-07-01,1712.2,1962.7,6008.3,500.8,2257.5,453.8,3260.5,13546.9,1689.3,306.7,4100.9,3542.7
2022-08-01,1715.0,1964.2,6012.3,501.4,2258.9,454.7,3267.6,13593.7,1692.0,305.5,4118.2,3555.2
2022-09-01,1722.7,1963.9,6022.4,498.7,2267.5,454.6,3280.5,13644.5,1693.9,305.6,4125.4,3553.5
2022-10-01,1723.6,1960.1,6026.3,501.3,2269.9,455.8,3284.3,13672.6,1694.8,306.1,4123.8,3560.7
2022-11-01,1727.6,1960.3,6030.4,501.9,2270.5,456.0,3287.3,13699.6,1698.9,307.2,4134.3,3559.5
2022-12-01,1732.2,1964.5,6036.0,502.0,2274.1,455.2,3289.0,13720.7,1698.5,305.3,4134.6,3559.0
2023-01-01,1745.7,1981.6,6061.8,503.5,2287.7,457.8,3303.5,13795.1,1706.5,309.5,4154.2,3581.6
2023-02-01,1746.6,1982.0,6062.1,503.7,2290.0,458.6,3308.2,13817.8,1710.3,309.3,4166.6,3588.1
2023-03-01,1749.8,1983.2,6068.0,504.9,2295.5,459.0,3310.7,13852.4,1709.0,309.3,4165.1,3584.5
2023-04-01,1751.1,1982.9,6071.4,501.6,2292.4,458.9,3309.1,13859.0,1712.8,309.6,4165.3,3588.2
2023-05-01,1752.5,1985.9,6071.5,504.4,2298.0,459.7,3317.5,13886.4,1718.8,309.3,4172.7,3591.1
2023-06-01,1757.6,1992.5,6092.7,506.4,2306.2,462.6,3332.7,13947.3,1727.3,311.6,4187.2,3600.6
2023-07-01,1754.4,1985.5,6090.2,506.2,2313.3,461.8,3330.9,13921.2,1722.5,310.0,4188.5,3588.8
2023-08-01,1759.9,1986.9,6098.0,506.9,2320.3,463.6,3329.7,13952.1,1724.6,309.4,4201.0,3591.4
2023-09-01,1765.1,1992.3,6101.7,508.3,2327.0,464.1,3344.7,13986.5,1730.6,310.7,4206.7,3593.8
2023-10-01,1766.9,1986.5,6099.0,507.8,2330.7,464.5,3345.7,13991.4,1729.0,310.8,4205.0,3592.1
2023-11-01,1767.2,1989.0,6104.2,508.2,2334.6,464.8,3354.5,14002.4,1729.9,310.7,4208.5,3596.7
2023-12-01,1769.3,1989.0,6114.3,509.2,2337.8,466.5,3361.5,14024.1,1732.9,310.4,4214.3,3601.3
2024-01-01,1768.0,1977.6,6115.1,509.4,2335.1,465.4,3349.1,14049.9,1732.5,311.7,4217.6,3597.2
2024-02-01,1775.1,1985.7,6122.2,509.5,2341.0,466.5,3359.5,14069.6,1734.9,311.9,4226.0,3609.6
2024-03-01,1779.2,1988.6,6130.5,511.8,2344.2,467.8,3371.3,14088.9,1740.4,311.8,4239.9,3613.5
2024-04-01,1776.4,1991.9,6126.0,511.5,2350.9,467.3,3364.3,14098.2,1736.6,311.3,4235.1,3611.6
2024-05-01,1777.6,1991.2,6132.1,511.0,2351.9,468.6,3369.6,14126.5,1737.6,311.7,4238.4,3616.8
2024-06-01,1773.4,1993.6,6137.8,512.9,2358.6,467.1,3375.3,14153.1,1739.8,312.0,4250.1,3616.8
2024-07-01,1780.5,1991.5,6137.2,512.8,2353.0,467.2,3370.2,14114.4,1741.6,312.7,4249.5,3621.5
2024-08-01,1784.0,1992.4,6146.6,513.6,2357.9,467.4,3371.1,14185.3,1746.1,313.6,4252.9,3623.5
2024-09-01,1785.7,1998.0,6153.9,514.5,2369.0,468.6,3373.7,14204.6,1752.5,312.6,4265.5,3635.4
2024-10-01,1788.9,1996.5,6156.4,514.6,2367.2,468.8,3367.7,14220.8,1755.0,312.9,4264.6,3597.4
2024-11-01,1791.1,1992.8,6156.1,515.8,2370.8,470.0,3368.0,14240.6,1758.1,312.2,4265.9,3627.8
2024-12-01,1790.4,1995.3,6161.2,515.9,2373.6,470.0,3368.8,14259.4,1758.1,312.2,4269.2,3635.5
2025-01-01,1792.4,1993.1,6166.4,516.8,2374.0,469.8,3371.5,14267.3,1761.9,313.9,4275.5,3635.9
2025-02-01,1791.6,1986.6,6159.8,515.5,2377.9,468.9,3373.1,14280.8,1760.6,312.6,4277.0,3631.1
2025-03-01,1794.9,1984.3,6166.2,515.9,2387.0,468.5,3369.7,14286.3,1763.0,312.4,4278.8,3628.9
2025-04-01,1796.8,1987.0,6166.9,517.3,2383.5,470.2,3375.2,14311.9,1767.5,311.6,4283.7,3638.2
2025-05-01,1797.4,1986.2,6173.3,517.8,2385.9,470.0,3374.2,14321.2,1768.3,310.3,4289.4,3644.8
2025-06-01,1791.3,1983.9,6175.1,516.1,2386.3,469.2,3360.0,14291.7,1765.1,311.1,4287.3,3642.0
2025-07-01,1788.4,1981.2,6169.2,515.3,2382.4,469.5,3363.8,14302.4,1770.4,309.7,4280.1,3635.3
2025-08-01,1786.9,1980.8,6172.1,514.8,2387.7,469.2,3367.9,14309.9,1773.2,311.7,4278.0,3631.8
2025-09-01,1785.4,1975.2,6167.6,513.8,2386.1,468.7,3359.8,14307.0,1770.7,311.2,4276.2,3630.1
2025-10-01,1784.8,1970.4,6176.2,513.8,2395.3,470.6,3355.9,14297.2,1767.9,311.1,4253.0,3633.6
2025-11-01,1786.0,1972.4,6174.0,513.2,2398.1,470.0,3366.0,14306.5,1768.6,310.9,4262.7,3635.6
2025-12-01,1787.0,1972.5,6184.0,514.2,2400.1,470.1,3370.2,14339.4,1772.7,311.5,4252.8,3639.3
2026-01-01,1786.7,1974.1,6197.6,514.7,2403.2,470.0,3375.9,14363.1,1773.9,311.8,4248.0,3639.3
2026-02-01,1786.7,1967.2,6177.1,514.1,2397.2,470.2,3366.8,14356.7,1773.7,311.5,4238.5,3637.2
2026-03-01,1790.2,1962.4,6189.6,514.6,2399.1,469.6,3378.9,14403.5,1773.9,311.5,4245.4,3638.0
